Month,County,ApplicationsRecieved,TestsDelivered,PassRate,NoShows,TestNotConducted
2021 January,Co. Dublin,121,3984,46.90%,234,763
2021 February,Co. Dublin,3792,3195,46.70%,52,355
2021 March,Co. Dublin,3311,2997,44.40%,31,194
2021 April,Co. Dublin,3043,2607,46.80%,38,169
2021 May,Co. Dublin,4241,2684,45%,36,155
2021 June,Co. Dublin,3977,2449,44.70%,36,143
2021 July,Co. Dublin,3765,3876,51.20%,56,269
2021 August,Co. Dublin,4297,3932,50.70%,59,241
2021 September,Co. Dublin,4470,3641,46.60%,140,300
2021 October,Co. Dublin,4588,4207,47.60%,191,378
2021 November,Co. Dublin,4298,4390,48.10%,140,387
2021 December,Co. Dublin,3468,3440,47.70%,117,390
2022 January,Co. Dublin,5264,4369,48.50%,80,550
2022 February,Co. Dublin,4564,4492,44.60%,114,717
2022 March,Co. Dublin,4969,4405,46.80%,94,356
2022 April,Co. Dublin,4426,3671,45.10%,98,279
2022 May,Co. Dublin,5468,4398,43%,95,324
2022 June,Co. Dublin,4426,3619,44.70%,92,229
2022 July,Co. Dublin,4450,3843,45.20%,115,290
2022 August,Co. Dublin,4870,3989,44.50%,113,291
2022 September,Co. Dublin,4565,3333,44.40%,108,254
2022 October,Co. Dublin,4373,3248,47.50%,116,269
2022 November,Co. Dublin,4440,3913,47.50%,107,279
2022 December,Co. Dublin,2988,2452,45.50%,92,532
2023 January,Co. Dublin,5333,4072,45.40%,146,467
2023 February,Co. Dublin,4921,4065,42.50%,134,318
2023 March,Co. Dublin,5569,5370,43.30%,178,457
2023 April,Co. Dublin,4708,4303,46.40%,166,253
2023 May,Co. Dublin,5284,5347,45.30%,161,348
2023 June,Co. Dublin,4528,4607,45.90%,133,268
2023 July,Co. Dublin,4581,4266,46.30%,142,280
2023 August,Co. Dublin,4800,4264,47.60%,143,283
2023 September,Co. Dublin,5024,4644,47.10%,193,327
2023 October,Co. Dublin,4855,4779,44.50%,215,331
2023 November,Co. Dublin,4915,5518,44.70%,208,405
2023 December,Co. Dublin,3609,3541,45.40%,171,259
2024 January,Co. Dublin,6352,6615,44.10%,220,847
2024 February,Co. Dublin,5590,6432,43.10%,253,433
2024 March,Co. Dublin,5590,6086,42.90%,286,621
2024 April,Co. Dublin,6523,7401,43.60%,288,474
2024 May,Co. Dublin,6947,7760,43.70%,317,479
2024 June,Co. Dublin,6191,6224,43.60%,234,406
2024 July,Co. Dublin,6709,6909,42.60%,277,439
2024 August,Co. Dublin,6147,5947,43.60%,297,391
2024 September,Co. Dublin,6256,6163,41.20%,262,442
2024 October,Co. Dublin,6265,6211,41.50%,286,429
2024 November,Co. Dublin,5707,5461,42.80%,274,445